"Trace 0, x; Trace 1, x","Trace 0, y","Trace 1, y",
3/27/2014,558.46,556.3338735,0.380712412
3/28/2014,559.99,551.411021,1.53198789
3/31/2014,556.97,557.9871825,0.182627883
4/1/2014,567.16,561.1604731,1.057819108
4/2/2014,567,550.2569697,2.952915403
4/3/2014,569.74,535.9295379,5.934366917
4/4/2014,543.14,537.5603002,1.027304165
4/7/2014,538.15,545.3077327,1.33006275
4/8/2014,554.9,547.9123409,1.259264577
4/9/2014,564.14,536.7434668,4.85633588
4/10/2014,540.95,531.0851943,1.823607669
4/11/2014,530.6,531.9378732,0.252143457
4/14/2014,532.52,546.6241571,2.648568516
4/15/2014,536.44,545.700737,1.726332311
4/16/2014,556.54,532.0246176,4.404963242
4/17/2014,536.1,527.2770048,1.645774139
4/21/2014,528.62,533.5437301,0.931430912
4/22/2014,534.81,525.2517193,1.787229237
4/23/2014,526.94,521.6558994,1.002789805
4/24/2014,525.16,524.4561933,0.134017585
4/25/2014,516.18,527.0619486,2.108169367
4/28/2014,517.15,528.8475354,2.261923115
4/29/2014,527.7,533.161534,1.034969482
4/30/2014,526.66,534.644979,1.516154436
5/1/2014,531.35,530.5661635,0.14751792
5/2/2014,527.93,524.0351631,0.737756308
5/5/2014,527.81,518.7545312,1.715668297
5/6/2014,515.14,514.2863995,0.165702619
5/7/2014,509.96,519.6502868,1.900205276
5/8/2014,511,526.65404,3.063412913
5/9/2014,518.73,533.6565661,2.87752127
5/12/2014,529.92,529.2983419,0.117311684
5/13/2014,533.09,524.8530685,1.545129625
5/14/2014,526.65,521.3792291,1.000810958
5/15/2014,519.98,523.4596101,0.669181524
5/16/2014,520.63,532.8367253,2.34460659
5/19/2014,528.86,539.224143,1.959713918
5/20/2014,529.77,540.4275951,2.011740014
5/21/2014,538.94,549.8236829,2.019460968
5/22/2014,545.06,557.7697573,2.331808847
5/23/2014,552.7,562.9608001,1.856486365
5/27/2014,565.95,560.8051851,0.909058202
5/28/2014,561.68,560.2545652,0.253780592
5/29/2014,560.08,556.1249972,0.706149625
5/30/2014,559.89,550.8063072,1.622406686
6/2/2014,553.93,548.3859808,1.000851955
6/3/2014,544.94,551.6299899,1.227656238
6/4/2014,544.66,558.3826267,2.519484941
6/5/2014,553.9,563.2346821,1.68526486
6/6/2014,556.33,559.8675785,0.635877724
6/9/2014,562.12,557.3242033,0.853162444
6/10/2014,560.55,553.6877871,1.224192821
6/11/2014,558.84,555.2556134,0.641397649
6/12/2014,551.35,548.8133898,0.460072578
6/13/2014,551.76,542.9720422,1.592713825
6/16/2014,544.28,549.2436837,0.91197246
6/17/2014,543.01,556.6192017,2.506252507
6/18/2014,553.37,555.3517932,0.358131666
6/19/2014,554.9,561.2258123,1.139991409
6/20/2014,556.36,569.3260876,2.330521178
6/23/2014,564.95,569.668188,0.835151425
6/24/2014,564.62,572.95473,1.476166273
6/25/2014,578.65,574.8732502,0.65268293
6/26/2014,576,575.216049,0.136102605
6/27/2014,577.24,578.8661805,0.281716533
6/30/2014,575.28,581.310142,1.04820991
7/1/2014,582.67,582.8474704,0.030458139
7/2/2014,582.335,580.1111333,0.381887872
7/3/2014,584.73,574.3482291,1.775481153
7/7/2014,582.25,570.8920362,1.950702238
7/8/2014,571.09,574.2248057,0.548916231
7/9/2014,576.08,572.8718607,0.556891283
7/10/2014,571.1,578.6513904,1.322253613
7/11/2014,579.18,587.5629995,1.447391046
7/14/2014,584.87,583.663511,0.206283281
7/15/2014,584.78,582.2781653,0.427824951
7/16/2014,582.66,583.3474699,0.11798817
7/17/2014,573.7299,594.8008246,3.672620961
7/18/2014,595.08,589.5905343,0.922475252
7/21/2014,589.47,590.767487,0.22011078
7/22/2014,594.74,591.0718979,0.616757261
7/23/2014,595.98,591.4019631,0.768152776
7/24/2014,593.35,587.0643614,1.059347528
7/25/2014,589.02,587.8993744,0.190252552
7/28/2014,590.6,586.5416763,0.687152668
7/29/2014,585.61,580.3690213,0.89496059
7/30/2014,587.42,567.8774044,3.326852271
7/31/2014,571.6,567.6976507,0.682706313
8/1/2014,566.07,570.062698,0.705336434
8/4/2014,573.15,568.5642986,0.800087489
8/5/2014,565.07,565.2405151,0.030175918
8/6/2014,566.374,571.0203359,0.820365328
8/7/2014,563.36,570.4318258,1.255294278
8/8/2014,568.77,569.8618307,0.191963479
8/11/2014,567.88,576.0632634,1.441019821
8/12/2014,562.73,581.2942747,3.298966587
8/13/2014,574.78,580.2668142,0.95459379
8/14/2014,574.65,581.2203531,1.143366061
8/15/2014,573.48,586.3046675,2.236288534
8/18/2014,582.16,585.526165,0.578219908
8/19/2014,586.86,583.5130872,0.570308549
8/20/2014,584.49,582.8098797,0.287450647
8/21/2014,583.37,580.2229404,0.539462021
8/22/2014,582.56,579.8122074,0.471675471
8/25/2014,580.2,576.2595147,0.679159816
8/26/2014,577.86,575.7766813,0.360523088
8/27/2014,571,573.0464667,0.35840048
8/28/2014,569.2,578.6668818,1.663190754
8/29/2014,571.6,581.4784407,1.728208661
9/2/2014,577.33,581.9473527,0.799777023
9/3/2014,577.94,582.9027143,0.858690221
9/4/2014,581.98,585.5341209,0.610694672
9/5/2014,586.08,583.5834537,0.425973644
9/8/2014,589.72,584.8976574,0.817734274
9/9/2014,581.01,586.3186172,0.913687758
9/10/2014,583.1,581.579754,0.260717882
9/11/2014,581.35,582.6635067,0.225940777
9/12/2014,575.62,581.7916432,1.072173162
9/15/2014,573.1,584.6937966,2.022997141
9/16/2014,579.95,586.3063434,1.096015757
9/17/2014,584.77,584.7754002,0.000923471
9/18/2014,589.27,587.7674385,0.254986929
9/19/2014,596.08,581.70714,2.411230032
9/22/2014,587.37,582.6774276,0.798912514
9/23/2014,581.13,580.0135783,0.192112219
9/24/2014,587.99,576.1054479,2.021216702
9/25/2014,575.06,572.5142605,0.442691107
9/26/2014,577.1,571.091228,1.041201177
9/29/2014,576.36,570.4992035,1.016863853
9/30/2014,577.36,571.1102166,1.082475991
10/1/2014,568.27,576.4723917,1.443396924
10/2/2014,570.08,573.3023268,0.565241155
10/3/2014,575.28,571.9073931,0.586254854
10/6/2014,577.35,564.4159425,2.240245525
10/7/2014,563.74,564.1162938,0.066749523
10/8/2014,572.5,550.5807843,3.828683968
10/9/2014,560.88,546.1531912,2.625661242
10/10/2014,544.49,538.158331,1.162862311
10/13/2014,533.21,536.004559,0.524101015
10/14/2014,537.94,528.6078219,1.734799073
10/15/2014,530.03,520.569601,1.78487991
10/16/2014,524.51,519.0839296,1.034502758
10/17/2014,511.17,528.7518277,3.439526519
10/20/2014,520.84,531.131558,1.975953845
10/21/2014,526.54,541.1628407,2.777156665
10/22/2014,532.71,542.9820924,1.928270999
10/23/2014,543.98,540.0790223,0.717117847
10/24/2014,539.78,543.9656899,0.775443685
10/27/2014,540.77,549.3374295,1.584301912
10/28/2014,548.9,550.5179211,0.294756986
10/29/2014,549.33,551.7019209,0.431784332
10/30/2014,550.31,556.1745934,1.065689056
10/31/2014,559.08,551.1257396,1.422740999
11/3/2014,555.22,545.6492645,1.723773543
11/4/2014,554.11,543.5207057,1.911045521
11/5/2014,545.92,539.3769433,1.198537644
11/6/2014,542.04,538.3559505,0.679663775
11/7/2014,541.01,548.6289016,1.408273706
11/10/2014,547.49,548.6207604,0.206535344
11/11/2014,550.29,544.1290275,1.119586498
11/12/2014,547.31,541.856744,0.996374269
11/13/2014,545.38,536.3692659,1.652193714
11/14/2014,544.4,531.7293234,2.327457135
11/17/2014,536.51,534.3290171,0.406513005
11/18/2014,535.03,540.4777053,1.018205571
11/19/2014,536.99,537.623147,0.117906658
11/20/2014,534.83,537.2582082,0.45401495
11/21/2014,537.5,534.1587718,0.621623844
11/24/2014,539.27,540.5345359,0.234490313
11/25/2014,541.08,534.7591745,1.168186876
11/26/2014,540.37,538.7199715,0.305351603
11/28/2014,541.83,529.6933376,2.239939178
12/1/2014,533.8,528.5926249,0.975529239
12/2/2014,533.75,528.9308655,0.902882349
12/3/2014,531.32,534.716248,0.63920952
12/4/2014,537.31,529.1459392,1.519432132
12/5/2014,525.26,527.3776712,0.403166289
12/8/2014,526.98,531.4019699,0.839115308
12/9/2014,533.37,523.6378565,1.824651469
12/10/2014,526.06,523.3395227,0.517142018
12/11/2014,528.34,516.6822007,2.206495681
12/12/2014,518.66,510.699755,1.534771333
12/15/2014,513.8,501.7193576,2.351234412
12/16/2014,495.39,509.317292,2.811379324
12/17/2014,504.89,516.8957523,2.377894652
12/18/2014,511.1,522.6242031,2.254784401
12/19/2014,516.35,527.6350645,2.185545568
12/22/2014,524.87,533.8058401,1.702486349
12/23/2014,530.59,533.6844126,0.583202205
12/24/2014,528.77,531.2161774,0.462616516
12/26/2014,534.03,529.9905488,0.756409039
12/29/2014,530.33,527.4962148,0.534343747
12/30/2014,530.42,524.8343148,1.053068367
12/31/2014,526.4,521.622949,0.907494488
1/2/2015,524.81,509.4298493,2.930613112
1/5/2015,513.87,501.5744069,2.392743909
1/6/2015,501.96,501.680725,0.055636896
1/7/2015,501.1,507.1701354,1.211362085
1/8/2015,502.68,498.6459016,0.802518177
1/9/2015,496.17,500.2001049,0.812242751
1/12/2015,492.55,504.0327169,2.331279452
1/13/2015,496.18,506.4693165,2.073706411
1/14/2015,500.87,505.6253282,0.949413668
1/15/2015,501.79,512.1420827,2.063030884
1/16/2015,508.08,516.0403746,1.566756141
1/20/2015,506.9,527.9515257,4.152993828
1/21/2015,518.04,532.544979,2.799972788
1/22/2015,534.39,536.902446,0.470152137
1/23/2015,539.95,529.9383409,1.854182624
1/26/2015,535.21,518.2808116,3.16309269
1/27/2015,518.63,515.1955971,0.662206755
1/28/2015,510,521.7091543,2.295912616
1/29/2015,510.66,532.4424557,4.26554963
1/30/2015,534.52,531.5312137,0.559153322
2/2/2015,528.48,529.731081,0.23673194
2/3/2015,529.24,531.5154032,0.429937879
2/4/2015,522.76,537.18483,2.759359943
2/5/2015,527.58,534.9904102,1.404604081
2/6/2015,531,532.7005284,0.320250163
2/9/2015,527.83,540.484173,2.397395559
2/10/2015,536.94,538.5835557,0.306096708
2/11/2015,535.97,546.9186795,2.042778427
2/12/2015,542.93,548.8846443,1.096760972
2/13/2015,549.01,545.3264713,0.670940178
2/17/2015,542.84,543.3642099,0.096568024
2/18/2015,539.7,545.4796147,1.070893966
2/19/2015,542.87,541.834847,0.190681562
2/20/2015,538.95,540.0696705,0.207750348
2/23/2015,531.91,545.9901791,2.647098023
2/24/2015,536.09,555.8032217,3.677222417
2/25/2015,543.87,562.1916368,3.368752976
2/26/2015,555.48,565.0902659,1.730083147
2/27/2015,558.4,571.300397,2.310243009
3/2/2015,571.34,578.3339247,1.224126566
3/3/2015,573.64,568.697914,0.861530925
3/4/2015,573.37,563.7013734,1.686280523
3/5/2015,575.33,560.4157791,2.592289799
3/6/2015,567.685,556.7886524,1.919435525
3/9/2015,568.85,548.6061176,3.558738229
3/10/2015,555.01,557.9640581,0.532253134
3/11/2015,551.18,557.3095994,1.112086679
3/12/2015,555.51,556.8209011,0.235981547
3/13/2015,547.32,557.2539039,1.815008388
3/16/2015,554.51,553.5163819,0.179188489
3/17/2015,550.84,556.9222341,1.104174363
3/18/2015,559.5,563.1189065,0.646810815
3/19/2015,557.99,553.1732143,0.863238716
3/20/2015,560.36,552.6179439,1.381621839
3/23/2015,558.81,558.9501402,0.025078328
3/24/2015,570.19,551.2818671,3.316110921
3/25/2015,558.785,546.3705305,2.221689828
3/26/2015,555.17,542.5608142,2.271229674
3/27/2015,548.34,549.2315656,0.16259357
3/30/2015,552.03,541.2492101,1.952935513
3/31/2015,548,534.352867,2.490352731
4/1/2015,542.56,533.1243548,1.739097091
4/2/2015,535.53,533.7210689,0.337783343
4/6/2015,536.765,542.4902296,1.06661753
4/7/2015,537.02,535.517546,0.279776166
4/8/2015,541.61,534.9137549,1.236359203
4/9/2015,540.78,538.4248897,0.435502476
4/10/2015,540.01,538.627109,0.256086176
4/13/2015,539.17,530.5419284,1.60025068
4/14/2015,530.39,542.661782,2.31372801
4/15/2015,532.53,533.586009,0.198300382
4/16/2015,533.8,525.198046,1.611456347
4/17/2015,524.05,532.2368295,1.562222982
4/20/2015,535.38,533.4379162,0.362748663
4/21/2015,533.97,541.1195781,1.338947532
4/22/2015,539.365,548.6551,1.722414319
4/23/2015,547,554.0664559,1.291856653
4/24/2015,565.06,552.0802609,2.297055028
4/27/2015,555.37,546.9619899,1.51394747
4/28/2015,553.68,540.9409591,2.300794841
4/29/2015,549.08,537.3661365,2.133361895
4/30/2015,537.34,538.5634096,0.227678859
5/1/2015,537.9,533.8098364,0.760394796
5/4/2015,540.78,527.369665,2.47981342
5/5/2015,530.8,522.0929677,1.640360272
5/6/2015,524.22,522.4157636,0.34417543
5/7/2015,530.7,533.5943957,0.545392062
5/8/2015,538.22,541.207271,0.555027874
5/11/2015,535.7,535.0551312,0.120378718
5/12/2015,529.04,536.6910036,1.446205131
5/13/2015,529.62,548.3127163,3.529458151
5/14/2015,538.4,540.5663407,0.4023664
5/15/2015,533.85,541.1227393,1.362318867
5/18/2015,532.3,540.4353736,1.528343712
5/19/2015,537.36,545.0365193,1.428561731
5/20/2015,539.27,544.2882548,0.930564422
5/21/2015,542.51,537.8983974,0.850049319
5/22/2015,540.11,536.7635352,0.619589495
5/26/2015,532.32,534.3646497,0.384101621
5/27/2015,539.79,537.6873483,0.389531422
5/28/2015,539.78,531.9523115,1.450162755
5/29/2015,532.11,534.1699273,0.387124343
6/1/2015,533.99,532.9013323,0.203874179
6/2/2015,539.18,537.2258698,0.362426322
6/3/2015,540.31,528.5496811,2.176587315
6/4/2015,536.7,526.932084,1.81999552
6/5/2015,533.33,528.7946873,0.85037644
6/8/2015,526.83,534.4616881,1.448605452
6/9/2015,526.69,541.7809149,2.865236644
6/10/2015,536.69,541.4919363,0.894731842
6/11/2015,534.61,533.7777831,0.155668047
6/12/2015,532.33,528.9281453,0.639049972
6/15/2015,527.2,519.5155292,1.457600674
6/16/2015,528.15,528.6803435,0.100415313
6/17/2015,529.26,536.5751697,1.382150485
6/18/2015,536.73,546.4247148,1.806255432
6/19/2015,536.69,536.1820271,0.094649225
6/22/2015,538.19,541.888198,0.687154717
6/23/2015,540.48,543.7237253,0.600156389
6/24/2015,537.84,543.4933875,1.051128116
6/25/2015,535.23,532.635046,0.484829699
6/26/2015,531.69,533.9278275,0.420889526
6/29/2015,521.52,529.8729959,1.601663575
6/30/2015,520.51,535.9194805,2.960458111
7/1/2015,521.84,539.4169486,3.368263945
7/2/2015,523.4,543.2553897,3.793540254
7/6/2015,522.86,537.4918712,2.798430023
7/7/2015,525.02,544.7352862,3.755149553
7/8/2015,516.83,551.5971415,6.726997569
7/9/2015,520.68,550.1456315,5.659067285
7/10/2015,530.13,568.8706962,7.307772845
7/13/2015,546.55,572.3820832,4.726389761
7/14/2015,561.1,582.9928485,3.901773027
7/15/2015,560.22,621.9303688,11.01538125
7/16/2015,579.85,663.3773662,14.40499546
7/17/2015,672.93,655.3943972,2.605858375
7/20/2015,663.02,653.0889633,1.497848737
7/21/2015,662.3,646.951443,2.317462937
7/22/2015,662.1,636.8605098,3.812035978
7/23/2015,644.28,619.3503776,3.869377042
7/24/2015,623.56,628.9325148,0.861587469
7/27/2015,627.26,631.2500825,0.636113016
7/28/2015,628,635.1340777,1.135999641
7/29/2015,631.93,630.159848,0.280118369
7/30/2015,632.59,632.1213969,0.07407691
7/31/2015,625.61,634.336288,1.394844717
8/3/2015,631.21,624.2161782,1.108002379
8/4/2015,629.25,631.2562017,0.318824274
8/5/2015,643.78,633.8389422,1.544170022
8/6/2015,642.68,633.9824599,1.353323601
8/7/2015,635.3,646.0376042,1.690162789
8/10/2015,633.73,650.2434557,2.605755713
8/11/2015,660.78,647.3537094,2.031885131
8/12/2015,659.56,645.4852937,2.133953889
8/13/2015,656.45,648.4395747,1.220264351
8/14/2015,657.12,647.1090794,1.523453946
8/17/2015,660.87,646.5614246,2.165111966
8/18/2015,656.13,638.6495799,2.664170231
8/19/2015,660.9,626.1482383,5.258248104
8/20/2015,646.83,598.4206315,7.48409451
8/21/2015,612.48,596.3176333,2.638839919
8/24/2015,589.61,610.063836,3.469044954
8/25/2015,582.06,628.3815395,7.958206965
8/26/2015,628.62,623.3777662,0.833927293
8/27/2015,637.61,623.8432561,2.159116691
8/28/2015,630.38,614.7592093,2.477995925
8/31/2015,618.25,609.5208987,1.411904784
9/1/2015,597.79,614.7406129,2.835546408
9/2/2015,614.34,611.8304215,0.408499934
9/3/2015,606.25,612.1457889,0.972501256
9/4/2015,600.7,608.2465217,1.256287942
9/8/2015,614.66,616.7411192,0.338580553
9/9/2015,612.72,619.6925893,1.13797319
9/10/2015,621.35,633.8474179,2.011333046
9/11/2015,625.77,624.0855727,0.269176748
9/14/2015,623.24,637.21361,2.242091324
9/15/2015,635.14,632.2715369,0.451626903
9/16/2015,635.98,632.4390102,0.556776908
9/17/2015,642.9,627.715751,2.361836836
9/18/2015,629.25,628.6979276,0.087734982
9/21/2015,635.44,619.6758748,2.480820415
9/22/2015,622.69,625.2054164,0.403959656
9/23/2015,622.36,619.5717424,0.448013623
9/24/2015,625.8,607.7838722,2.87889546
9/25/2015,611.97,603.3350049,1.411016085
9/28/2015,594.89,612.6000123,2.977023037
9/29/2015,594.97,612.212912,2.898114519
9/30/2015,608.42,613.1177955,0.772130356
10/1/2015,611.29,637.5366565,4.293650555
10/2/2015,626.91,648.3766569,3.424200752
10/5/2015,641.47,643.7420816,0.3541992
10/6/2015,645.44,645.4371954,0.000434518
10/7/2015,642.36,650.8458449,1.321041921
10/8/2015,639.16,650.466039,1.768890256
10/9/2015,643.61,656.5599957,2.012087403
10/12/2015,646.67,662.1394879,2.392176518
10/13/2015,652.3,660.7412064,1.294068127
10/14/2015,651.16,664.4825277,2.045968377
10/15/2015,661.74,672.414241,1.613056642
10/16/2015,662.2,663.8288866,0.245981064
10/19/2015,666.1,657.4951524,1.291825199
10/20/2015,650.28,667.4056915,2.633587301
10/21/2015,642.61,681.5878774,6.065557242
10/22/2015,651.79,708.8858825,8.759858618
10/23/2015,702,709.1203927,1.014300961
10/26/2015,712.78,705.5073292,1.02032476
10/27/2015,708.49,711.3050732,0.397334223
10/28/2015,712.95,708.5251338,0.620641865
10/29/2015,716.92,713.4484785,0.484227178
10/30/2015,710.81,715.3444262,0.637923809
11/2/2015,721.11,727.824179,0.931089434
11/3/2015,722.16,728.6582835,0.899839861
11/4/2015,728.11,736.5518997,1.159426426
11/5/2015,731.25,731.2525637,0.000350597
11/6/2015,733.76,728.2579592,0.749842025
11/9/2015,724.89,735.8917194,1.51770881
11/10/2015,728.32,734.4428778,0.840685106
11/11/2015,735.4,729.6355099,0.783857777
11/12/2015,731.23,712.4910004,2.562668329
11/13/2015,717,729.8632192,1.794033366
11/16/2015,728.96,736.7000526,1.061793869
11/17/2015,725.3,748.2792149,3.168235895
11/18/2015,740,754.8762165,2.010299522
11/19/2015,738.41,757.1063108,2.531968804
11/20/2015,756.6,748.8227668,1.027918736
11/23/2015,755.98,744.0636835,1.576274037
11/24/2015,748.28,750.7950599,0.336112139
11/25/2015,748.15,756.7303313,1.146873123
11/27/2015,750.26,755.0501935,0.638471124
11/30/2015,742.6,748.4782001,0.791570173
12/1/2015,767.04,748.8792055,2.367646347
12/2/2015,762.38,740.5435435,2.86424834
12/3/2015,752.54,749.3240984,0.427339626
12/4/2015,766.81,748.2656718,2.418373288
12/7/2015,763.25,757.7145728,0.725244305
12/8/2015,762.37,750.5847624,1.545868493
12/9/2015,751.61,748.2823028,0.442742538
12/10/2015,749.46,745.8638723,0.479829173
12/11/2015,738.87,742.8011586,0.532050105
12/14/2015,747.77,752.9279629,0.689779335
12/15/2015,743.4,748.1084432,0.633366051
12/16/2015,758.09,743.6625549,1.903130908
12/17/2015,749.43,745.9944666,0.458419523
12/18/2015,739.31,753.297532,1.891971158
12/21/2015,747.77,748.9585037,0.158939735
12/22/2015,750,739.7234635,1.370204864
12/23/2015,750.31,753.0358738,0.36329967
12/24/2015,748.4,754.4223006,0.804690091
12/28/2015,762.51,762.4836242,0.003459077
12/29/2015,776.6,760.9702847,2.012582445
12/30/2015,771,753.7983907,2.231077726
12/31/2015,758.88,745.8228589,1.72058048
1/4/2016,741.84,740.0037726,0.247523374
1/5/2016,742.58,739.3780086,0.431198175
1/6/2016,743.62,727.5650644,2.159024177
1/7/2016,726.39,722.9156275,0.478306768
1/8/2016,714.47,718.9028,0.620431922
1/11/2016,716.03,717.3863899,0.189431991
1/12/2016,726.07,709.0296435,2.346930254
1/13/2016,700.56,704.4026992,0.548518214
1/14/2016,714.72,697.3657817,2.428114269
1/15/2016,694.45,703.3871435,1.286938372
1/19/2016,701.79,703.4958984,0.243078189
1/20/2016,698.45,710.0597635,1.662218268
1/21/2016,706.59,719.6583899,1.849501111
1/22/2016,725.25,713.5703941,1.610424801
1/25/2016,711.67,710.7689624,0.126608912
1/26/2016,713.04,722.129904,1.274809831
1/27/2016,699.99,738.576919,5.512495755
1/28/2016,730.96,742.3159524,1.553566868
1/29/2016,742.95,746.5832464,0.489029736
2/1/2016,752,740.3565759,1.548327674
2/2/2016,764.65,718.614703,6.020440339
2/3/2016,726.95,694.0515641,4.525543141
2/4/2016,708.01,683.7419765,3.427638516
2/5/2016,683.57,684.8156701,0.182230076
2/8/2016,682.74,679.7695871,0.435072342
2/9/2016,678.11,688.4763965,1.52871901
2/10/2016,684.12,689.6935581,0.814704737
2/11/2016,683.11,692.0875879,1.314222883
2/12/2016,682.4,700.5451394,2.659018081
2/16/2016,691,708.7953536,2.575304431
2/17/2016,708.4,706.9926384,0.198667647
2/18/2016,697.35,710.4077376,1.872479765
2/19/2016,700.91,712.3458473,1.631571422
2/22/2016,706.46,707.1911004,0.103487862
2/23/2016,695.85,709.3424269,1.938984965
2/24/2016,699.56,708.7487732,1.313507525
2/25/2016,705.75,707.6244515,0.265597092
2/26/2016,705.07,707.1560742,0.295867673
2/29/2016,697.77,713.0710263,2.19284668
3/1/2016,718.81,711.1550549,1.064946933
3/2/2016,718.85,704.7183833,1.965864468
3/3/2016,712.42,700.0418884,1.737473909
3/4/2016,710.89,703.0583314,1.101670941
3/7/2016,695.16,706.9408407,1.694694851
3/8/2016,693.97,715.0498838,3.037578537
3/9/2016,705.24,725.3617675,2.853180127
3/10/2016,712.82,731.3369724,2.597706628
3/11/2016,726.82,726.6375444,0.025103273
3/14/2016,730.49,733.6267011,0.429396859
3/15/2016,728.33,737.642984,1.278676421
3/16/2016,736.09,739.614398,0.478799873
3/17/2016,737.78,742.4356346,0.631032913
3/18/2016,737.6,741.0497016,0.467692727
3/21/2016,742.09,745.554992,0.466923422
3/22/2016,740.75,744.911535,0.561800199
3/23/2016,738.06,742.836111,0.647116898
3/24/2016,735.3,745.4920452,1.38610706
3/28/2016,733.53,748.8738692,2.091784815
3/29/2016,744.77,751.1011007,0.850074618
3/30/2016,750.53,748.5175157,0.268141751
3/31/2016,744.95,749.4040108,0.59789393
4/1/2016,749.91,743.5646345,0.846150275
4/4/2016,745.29,739.3418334,0.798100958
4/5/2016,737.8,740.8709447,0.416229962
4/6/2016,745.69,735.0854393,1.422113837
4/7/2016,740.28,734.802269,0.739953933
4/8/2016,739.15,729.9391798,1.246136811
4/11/2016,736.1,739.5977346,0.475171118
4/12/2016,743.09,745.0134952,0.258850904
4/13/2016,751.72,746.8642203,0.645955896
4/14/2016,753.2,752.8226939,0.050093748
4/15/2016,759,747.0090995,1.579828793
4/18/2016,766.61,742.4682286,3.149159463
4/19/2016,753.93,742.6349147,1.498161012
4/20/2016,752.67,741.2639418,1.515412891
4/21/2016,759.14,725.0835471,4.486188701
4/22/2016,718.77,717.7154695,0.14671321
4/25/2016,723.15,706.5336338,2.29777587
4/26/2016,708.14,702.4547771,0.802838826
4/27/2016,705.84,698.2867644,1.070105922
4/28/2016,691.02,701.427635,1.506126455
4/29/2016,693.01,703.127112,1.459879658
5/2/2016,698.21,697.8387892,0.053166069
5/3/2016,692.36,699.2683279,0.997794202
5/4/2016,695.7,707.5153946,1.69834621
5/5/2016,701.43,715.8962703,2.062396857
5/6/2016,711.12,717.1770915,0.85176785
5/9/2016,712.9,720.0848771,1.007838005
5/10/2016,723.18,711.5904733,1.602578437
5/11/2016,715.29,717.2857489,0.279012555
5/12/2016,713.31,711.6881057,0.227375794
5/13/2016,710.83,709.0236161,0.254123198
5/16/2016,716.49,698.0304081,2.576392119
5/17/2016,706.23,702.2138038,0.568681047
5/18/2016,706.63,696.5295761,1.429379429
5/19/2016,700.32,703.3010582,0.425670866
5/20/2016,709.74,704.852564,0.688623442
5/23/2016,704.24,713.5267341,1.318688815
5/24/2016,720.09,714.7639166,0.739641352
5/25/2016,725.27,719.5406828,0.789956464
5/26/2016,724.12,719.9551057,0.575166312
5/27/2016,732.66,727.0381909,0.767314867
5/31/2016,735.72,725.3966444,1.403163646
6/1/2016,734.15,723.8673491,1.400619883
6/2/2016,730.4,716.2936472,1.931318836
6/3/2016,722.34,711.3241699,1.525020086
6/6/2016,716.55,717.3716378,0.114665805
6/7/2016,716.65,720.0544926,0.475056526
6/8/2016,728.28,723.9229315,0.598268311
6/9/2016,728.58,717.5503216,1.513859622
6/10/2016,719.41,708.6068709,1.501665132
6/13/2016,718.36,711.960299,0.890876576
6/14/2016,718.27,707.3372761,1.522091115
6/15/2016,718.92,700.5820623,2.550761935
6/16/2016,710.36,695.3248766,2.116549829
6/17/2016,691.72,697.0690957,0.773303607
6/20/2016,693.71,700.7284408,1.011725471
6/21/2016,695.94,700.957934,0.721029688
6/22/2016,697.46,688.9867023,1.214879377
6/23/2016,701.87,673.0670757,4.103740619
6/24/2016,675.22,674.5629908,0.097302983
6/27/2016,668.26,685.26261,2.5443106
6/28/2016,680.04,685.7367397,0.83770656
6/29/2016,684.11,695.1900513,1.619630069
6/30/2016,692.1,699.6706098,1.09386069
7/1/2016,699.21,701.3752563,0.309671821
7/5/2016,694.49,702.0572784,1.089616611
7/6/2016,697.77,705.5784174,1.119053189
7/7/2016,695.36,719.2152407,3.430631718
7/8/2016,705.63,719.905987,2.023154768
7/11/2016,715.09,720.2710128,0.72452597
7/12/2016,720.64,724.5924166,0.548459232
7/13/2016,716.98,728.375983,1.58944224
7/14/2016,720.95,732.0124369,1.53442498
7/15/2016,719.85,741.015963,2.940329649
7/18/2016,733.78,741.9702582,1.116173536
7/19/2016,736.96,741.0913236,0.560589943
7/20/2016,741.19,744.3717886,0.429281096
7/21/2016,738.63,745.1064429,0.876818287
7/22/2016,742.74,742.8929098,0.020587254
7/25/2016,739.77,743.8555445,0.552272264
7/26/2016,738.42,749.0509054,1.439682753
7/27/2016,741.77,756.3004498,1.958888852
7/28/2016,745.91,769.1408554,3.114431419
7/29/2016,768.79,778.8814299,1.312638031
8/1/2016,772.88,774.4393373,0.201756716
8/2/2016,771.07,772.5151089,0.187416043
8/3/2016,773.18,776.1375085,0.382512291
8/4/2016,771.61,783.3283962,1.518694191
8/5/2016,782.22,781.7250845,0.063270624
8/8/2016,781.76,782.3137777,0.070837303
8/9/2016,784.26,781.8734493,0.304306063
8/10/2016,784.68,790.6051513,0.755104159
8/11/2016,784.85,783.0124566,0.234126704
8/12/2016,783.22,776.4866161,0.859705306
8/15/2016,782.44,777.5024559,0.631044432
8/16/2016,777.14,782.7566268,0.722730367
8/17/2016,779.91,772.1552208,0.994317186
8/18/2016,777.5,774.5985537,0.373176373
8/19/2016,775.42,773.8106397,0.207546912
8/22/2016,772.15,774.2275798,0.269064281
8/23/2016,772.08,767.5897105,0.581583444
8/24/2016,769.64,767.9974657,0.213415925
8/25/2016,769.41,767.9899978,0.184557278
8/26/2016,769.54,768.6146895,0.120242032
8/29/2016,772.15,768.2553329,0.504392555
8/30/2016,769.09,772.9588604,0.503043905
8/31/2016,767.05,773.3071674,0.815744394
9/1/2016,768.78,777.5127769,1.13592665
9/2/2016,771.46,777.4186464,0.772385653
9/6/2016,780.08,777.0160947,0.392768086
9/7/2016,780.35,774.3925312,0.763435478
9/8/2016,775.32,766.4983906,1.137802384
9/9/2016,759.66,763.0077339,0.440688449
9/12/2016,769.02,758.7927439,1.329907683
9/13/2016,759.69,763.5528896,0.508482361
9/14/2016,762.49,771.5825795,1.192485083
9/15/2016,771.76,771.5565352,0.026363741
9/16/2016,768.88,773.0531143,0.542752359
9/19/2016,765.7,774.3775903,1.133288529
9/20/2016,771.41,781.1535705,1.263085847
9/21/2016,776.22,786.5527874,1.331167373
9/22/2016,787.21,782.8155452,0.558231578
9/23/2016,786.9,782.8613951,0.513229755
9/26/2016,774.21,791.4265857,2.223761738
9/27/2016,783.01,782.8397998,0.021736658
9/28/2016,781.56,782.8834741,0.169337493
9/29/2016,775.01,783.3687651,1.078536414
9/30/2016,777.29,778.7425406,0.18687241
10/3/2016,772.56,778.0249462,0.707381456
10/4/2016,776.43,782.1035544,0.730723236
10/5/2016,776.47,778.7777115,0.297205496
10/6/2016,776.86,780.9504753,0.526539573
10/7/2016,775.08,783.6049625,1.099881628
10/10/2016,785.94,784.5103965,0.181897278
10/11/2016,783.07,782.4304692,0.081669683
10/12/2016,786.14,779.4828343,0.846816813
10/13/2016,778.19,775.3886961,0.359976862
10/14/2016,778.53,783.1416971,0.592359591
10/17/2016,779.96,795.8135044,2.0326048
10/18/2016,795.26,797.559792,0.289187431
10/19/2016,801.56,792.8631057,1.084996048
10/20/2016,796.97,800.4540534,0.437162427
10/21/2016,799.37,801.0253208,0.207078174
10/24/2016,813.11,795.1812531,2.204959585
10/25/2016,807.67,788.5100592,2.372248665
10/26/2016,799.07,788.4815735,1.325093733
10/27/2016,795.35,785.1750847,1.27930034
10/28/2016,795.37,774.9515819,2.567159696
10/31/2016,784.54,767.7774288,2.136611411
11/1/2016,783.61,765.3786715,2.326581914
11/2/2016,768.7,763.9622644,0.616330898
11/3/2016,762.13,771.6838845,1.253576749
11/4/2016,762.02,783.9391989,2.876459793
11/7/2016,782.52,787.074853,0.582074966
11/8/2016,790.51,778.4823562,1.521504315
11/9/2016,785.31,757.0661503,3.59652235
11/10/2016,762.56,752.0486331,1.378431455
11/11/2016,754.02,746.7048531,0.970152902
11/14/2016,736.08,762.6479993,3.609390195
11/15/2016,758.49,761.5598432,0.404730873
11/16/2016,764.48,764.0673746,0.053974654
11/17/2016,771.23,766.0940313,0.665945135
11/18/2016,760.54,773.1784315,1.661770779
11/21/2016,769.2,770.6361367,0.186705238
11/22/2016,768.27,765.2168484,0.397406064
11/23/2016,760.99,768.645501,1.00599233
11/25/2016,761.68,772.5138351,1.422360451
11/28/2016,768.24,771.2310271,0.389334989
11/29/2016,770.84,760.4470443,1.348263671
11/30/2016,758.04,753.1940932,0.639267956
12/1/2016,747.92,758.1119128,1.36270093
12/2/2016,750.5,764.7290748,1.89594601
12/5/2016,762.52,767.6184457,0.668631081
12/6/2016,759.11,774.5868051,2.038809276
12/7/2016,771.19,784.6664569,1.74748854
12/8/2016,776.42,791.975322,2.003467458
12/9/2016,789.29,783.9768369,0.673157285
12/12/2016,789.27,790.0860779,0.103396542
12/13/2016,796.1,794.3729108,0.216943748
12/14/2016,797.07,787.3988986,1.213331495
12/15/2016,797.85,788.7601547,1.139292508
12/16/2016,790.8,795.6692137,0.615732644
12/19/2016,794.2,797.0037971,0.353034133
12/20/2016,796.42,790.4121883,0.75435219
12/21/2016,794.56,792.6644869,0.238561354
12/22/2016,791.26,788.4168757,0.35931606
12/23/2016,789.91,790.7701942,0.108897748
12/27/2016,791.55,785.9815854,0.703482358
12/28/2016,785.05,775.829585,1.174500346
12/29/2016,782.79,776.8550738,0.758176034
12/30/2016,771.82,790.5543841,2.427299639
1/3/2017,786.14,791.2023556,0.643950898
1/4/2017,786.9,795.7468297,1.124263528
1/5/2017,794.02,808.6225784,1.839069339
1/6/2017,806.15,802.2129154,0.488381144
1/9/2017,806.65,802.5739292,0.505308475
1/10/2017,804.79,800.9574271,0.476220241
1/11/2017,807.91,799.5459975,1.035264137
1/12/2017,806.36,796.4653807,1.227072184
1/13/2017,807.88,801.311197,0.813091423
1/17/2017,804.61,792.9270319,1.452003836
1/18/2017,806.07,795.3657409,1.327956516
1/19/2017,802.175,802.6302289,0.056749321
1/20/2017,805.02,813.4998255,1.053368295
1/23/2017,819.31,810.5530302,1.068822526
1/24/2017,823.87,824.707896,0.101702453
1/25/2017,835.67,821.4782977,1.698242406
1/26/2017,832.15,811.9537186,2.427000109
1/27/2017,823.31,804.832398,2.244306767
1/30/2017,802.32,802.7555305,0.054283891
1/31/2017,796.79,814.7237501,2.250749895
2/1/2017,795.695,806.7812814,1.39328278
2/2/2017,798.53,802.3401648,0.477147359
2/3/2017,801.49,809.6636766,1.01981018
2/6/2017,801.34,812.8213408,1.432767713
2/7/2017,806.97,812.0512104,0.629665344
2/8/2017,808.38,812.3083706,0.485955933
2/9/2017,809.56,817.3269429,0.959402992
2/10/2017,813.67,822.40253,1.073227473
2/13/2017,819.24,822.1490618,0.355092741
2/14/2017,820.45,829.1761237,1.063577757
2/15/2017,818.98,828.6030927,1.175009484
2/16/2017,824.16,834.6121633,1.268220166
2/17/2017,828.07,835.7701861,0.929895549
2/21/2017,831.66,830.8656701,0.095511379
2/22/2017,830.76,835.7159147,0.596551915
2/23/2017,831.33,835.1221968,0.456160222
2/24/2017,828.64,831.8400178,0.386177083
2/27/2017,829.28,826.6259703,0.320040241
2/28/2017,823.21,833.020803,1.191774036
3/1/2017,835.24,833.1341276,0.252127825
3/2/2017,830.63,821.8343488,1.058913259
3/3/2017,829.08,827.3866851,0.204240228
3/6/2017,827.78,835.369742,0.916879125
3/7/2017,831.91,834.7735853,0.344218161
3/8/2017,835.37,831.5230816,0.46050473
3/9/2017,838.68,842.5311583,0.459192821
3/10/2017,843.25,844.1601825,0.107937444
3/13/2017,845.54,842.5245053,0.356635375
3/14/2017,845.62,842.3777488,0.383417041
3/15/2017,847.2,850.899135,0.436630665
3/16/2017,848.78,843.1666271,0.661346042
3/17/2017,852.12,839.132235,1.524170895
3/20/2017,848.4,833.3518385,1.773710686
3/21/2017,830.46,827.7941631,0.321007262
3/22/2017,829.59,816.4196395,1.587574646
3/23/2017,817.58,817.4629443,0.014317337
3/24/2017,814.43,828.6708398,1.748565235
3/27/2017,819.51,830.4926146,1.340144061
3/28/2017,820.92,837.2096618,1.984317808
3/29/2017,831.41,832.1400422,0.087807719
3/30/2017,831.5,841.3789048,1.188082359
3/31/2017,829.56,838.9641928,1.133636246
4/3/2017,838.55,843.8501991,0.632067153
4/4/2017,834.57,839.5525406,0.597018891
4/5/2017,831.41,832.5845109,0.141267354
4/6/2017,827.88,831.3861176,0.423505537
4/7/2017,824.67,830.6907548,0.730080496
4/10/2017,824.73,835.9063128,1.355148084
4/11/2017,823.35,826.9317262,0.435018672
4/12/2017,824.32,829.5607209,0.635762914
4/13/2017,823.56,838.1952435,1.777070703
4/17/2017,837.17,838.3245201,0.137907487
4/18/2017,836.82,843.0799752,0.74806711
4/19/2017,838.21,842.771452,0.544189645
4/20/2017,841.65,858.5546472,2.008512703
4/21/2017,843.19,868.5034738,3.002107923
4/24/2017,862.76,871.6486067,1.030252526
4/25/2017,872.3,877.0970957,0.549936455
4/26/2017,871.624,893.9710988,2.563846198
4/27/2017,874.25,913.7794301,4.521524749
4/28/2017,905.96,917.0406963,1.223088916
5/1/2017,912.57,930.0825448,1.919035781
5/2/2017,916.44,929.4095288,1.415207631
5/3/2017,927.04,928.2370433,0.129125311
5/4/2017,931.66,934.3479267,0.288509403
5/5/2017,927.13,935.3606431,0.887755016
5/8/2017,934.3,932.6488348,0.176727513
5/9/2017,932.17,934.4789787,0.247699314
5/10/2017,928.78,937.2148669,0.908166293
5/11/2017,930.6,940.1269684,1.023744728
5/12/2017,932.22,945.5707976,1.43215095
5/15/2017,937.08,942.4553535,0.573628024
5/16/2017,943,937.2195826,0.612981696
5/17/2017,919.62,937.3202636,1.9247367
5/18/2017,930.24,942.5381341,1.322038839
5/19/2017,934.01,948.5290391,1.554484333
5/22/2017,941.86,953.5685186,1.243127285
5/23/2017,948.82,957.5366056,0.918678522
5/24/2017,954.96,971.7009408,1.753051521
5/25/2017,969.54,970.8411928,0.134207231
5/26/2017,971.47,971.3519958,0.012146969
5/30/2017,975.88,970.962861,0.503867174
5/31/2017,964.86,967.0341655,0.225334814
6/1/2017,966.95,974.7627032,0.807973855
6/2/2017,975.6,975.6421887,0.004324387
6/5/2017,983.68,980.8155974,0.291192526
6/6/2017,976.57,979.4564021,0.29556531
6/7/2017,981.08,965.280517,1.610417394
6/8/2017,983.41,953.3445318,3.057266881
6/9/2017,949.83,941.8445426,0.840724907
6/12/2017,942.9,948.0443023,0.545583024
6/13/2017,953.4,944.996541,0.881420072
6/14/2017,950.76,941.7420106,0.94850324
6/15/2017,942.31,937.2407946,0.537955178
6/16/2017,939.78,943.1128075,0.354636994
6/19/2017,957.37,948.4198591,0.93486749
6/20/2017,950.63,946.1083567,0.475647024
6/21/2017,959.45,953.7349112,0.595663017
6/22/2017,957.09,952.7997836,0.448256321
6/23/2017,965.59,944.2373151,2.211361439
6/26/2017,952.27,927.941148,2.554827099
6/27/2017,927.33,931.5940822,0.459823603
6/28/2017,940.49,918.1554195,2.37478128
6/29/2017,917.79,918.7501325,0.10461353
6/30/2017,908.73,913.9559801,0.575086125
7/3/2017,898.7,920.5787035,2.434483528
7/5/2017,911.94,917.6005362,0.620713665
7/6/2017,906.69,928.1619388,2.368167595
7/7/2017,918.59,925.5246121,0.754919182
7/10/2017,928.8,930.4277436,0.175252323
7/11/2017,930.09,943.4985005,1.441634737
7/12/2017,943.83,938.088372,0.608332857
7/13/2017,947.16,937.9891286,0.968249441
7/14/2017,955.99,943.5566069,1.300577739
7/17/2017,953.42,951.7971291,0.170215735
7/18/2017,965.4,953.6024145,1.222041175
7/19/2017,970.89,959.0452482,1.219989063
7/20/2017,968.15,965.1731863,0.30747443
7/21/2017,972.92,963.7371977,0.943839396
7/24/2017,980.34,945.4562546,3.558331335
7/25/2017,950.7,937.4548124,1.3932037
7/26/2017,947.8,930.4446159,1.831123036
7/27/2017,934.09,928.1696563,0.633808705
7/28/2017,941.53,923.8095533,1.882090503
7/31/2017,930.5,928.2285873,0.244106684
8/1/2017,930.83,920.48619,1.111245879
8/2/2017,930.39,923.1795681,0.774990264
8/3/2017,923.65,918.2621682,0.583319633
8/4/2017,927.96,922.6222877,0.575209308
8/7/2017,929.36,915.8853012,1.449890118
8/8/2017,926.79,914.7599478,1.298034316
8/9/2017,922.9,918.9152833,0.431760402
8/10/2017,907.24,920.9485782,1.511020041
8/11/2017,914.39,926.6486211,1.340633762
8/14/2017,922.67,929.6015775,0.751252071
8/15/2017,922.22,918.4170096,0.412373452
8/16/2017,926.96,912.0049988,1.613338352
8/17/2017,910.98,914.4429018,0.380129292
8/18/2017,910.67,915.8852966,0.572687864
8/21/2017,906.66,914.1369705,0.824671929
8/22/2017,924.69,911.5274098,1.423459781
8/23/2017,927,912.168319,1.599965593
8/24/2017,921.28,918.607525,0.290082824
8/25/2017,915.89,907.9852835,0.863063959
8/28/2017,913.81,927.0561952,1.449556817
8/29/2017,921.29,929.3200867,0.871613356
8/30/2017,929.57,928.8903521,0.07311423
8/31/2017,939.33,932.0415592,0.775919094
9/1/2017,937.34,924.1905115,1.402851524
9/5/2017,928.45,928.9051529,0.049022873
9/6/2017,927.81,930.4138955,0.280649644
9/7/2017,935.95,933.3098321,0.282084292
9/8/2017,926.5,925.4304398,0.11544093
9/11/2017,929.08,924.7504952,0.465999135
9/12/2017,932.07,928.854047,0.345033417
9/13/2017,935.09,922.8128038,1.312942734
9/14/2017,925.11,903.012726,2.388610435
9/15/2017,920.29,925.353026,0.550155496
9/18/2017,915,940.3866887,2.7745015
9/19/2017,921.81,935.7394348,1.511096085
9/20/2017,931.58,939.3989074,0.839316794
9/21/2017,932.45,942.3904961,1.066062103
9/22/2017,928.53,943.9210484,1.657571476
9/25/2017,920.97,943.4009742,2.435581424
9/26/2017,924.86,971.2158279,5.012199457
9/27/2017,944.49,967.4037954,2.426049548
9/28/2017,949.5,969.0688625,2.060964985
9/29/2017,959.11,960.7788138,0.173996076
10/2/2017,953.27,959.3983576,0.642877422
10/3/2017,957.79,948.5954602,0.959974506
10/4/2017,951.68,966.1039243,1.515627549
10/5/2017,969.96,972.945923,0.30783981
10/6/2017,978.89,966.8501453,1.229949705
10/9/2017,977,977.9901865,0.10134969
10/10/2017,972.6,1002.168387,3.040138473
10/11/2017,989.25,996.7424151,0.757383376
10/12/2017,987.83,999.2805395,1.159160943
10/13/2017,989.68,1013.08681,2.365088706
10/16/2017,992,1001.004223,0.907683815
10/17/2017,992.18,994.0694477,0.190433963
10/18/2017,992.81,994.6091112,0.181214049
10/19/2017,984.45,983.3785471,0.108837718
10/20/2017,988.2,974.0035496,1.436596886
10/23/2017,968.45,979.3680127,1.127369789
10/24/2017,970.54,986.7789391,1.67318597
10/25/2017,973.33,999.1586341,2.65363588
10/26/2017,972.56,1022.068956,5.090581109
10/27/2017,1019.27,1021.143693,0.183826932
10/30/2017,1017.11,1031.553839,1.42008624
